,address,has_ens,ens_count,has_defi_transactions,count_defi_transactions,had_activity_before_december_2022,count_activity_before_december_2022,had_activity_after_december_2022,count_activity_after_december_2022
182,0xfa95a0de20633db5a8525b21b4cd44fadaeb4149,NO,0,NO,0,no,0,no,0
192,0x3566f24a6cc23aa083e85b804e756adf1baf7325,NO,0,NO,0,no,0,no,0
195,0xe2c13e9332d3205927ab13277b4658e1816284e5,NO,0,NO,0,no,0,no,0
260,0x83aaae055d63fc3d90ec8bfb97acf99bca658424,NO,0,NO,0,no,0,no,0
293,0x2f44c1b5a8aba442bea7b2aa552f1cafc397bfea,NO,0,NO,0,no,0,no,0
324,0x3acab6dffc3dfe377eacb1f844f8651bedcda9eb,NO,0,NO,0,no,0,no,0
331,0xf39d6569b3de0136df48a4048d949e88e3302533,NO,0,NO,0,no,0,no,0
365,0x7beff6352de30452fd97712dde33e59c45672391,NO,0,NO,0,no,0,no,0
394,0x7a2ee6f7c968dfd32c22766bbc27bbd593df68e0,NO,0,NO,0,no,0,no,0
402,0x6339a04b1b2bba359964bbcd971bd19c8e97c7ea,NO,0,NO,0,no,0,no,0
416,0xbd43e69c28fb5fccdab9f02201427866d872b0a8,NO,0,NO,0,no,0,no,0
431,0xbd9c0c4a3e6c98a9315c70a019acd2d1cb4a8a43,NO,0,NO,0,no,0,no,0
537,0x1a04cecd6061ada763c39f9a16e6b8622690656f,NO,0,NO,0,no,0,no,0
568,0xf49b8ddbf6f0b28c3e6cc3ca5d212e2eb0f2f178,NO,0,NO,0,no,0,no,0
598,0x3126acc9279d03182efc38fbcb14971508fe9de1,NO,0,NO,0,no,0,no,0
626,0xd8365e4b2f52205139bdc52c93ffcf83f88fe300,NO,0,NO,0,no,0,no,0
651,0xb7a0c592805ebb545a31f86a1fda303b6167ec82,NO,0,NO,0,no,0,no,0
686,0x1b727ea05c2eca44b5853bbb93bd5814fd19daf7,NO,0,NO,0,no,0,no,0
713,0xe2f3f189c7473c1b7b831bf5cfe3d7b70f6c3230,NO,0,NO,0,no,0,no,0
725,0xafdc9fddb656bd25ae7cafc68f7778543e4572cf,NO,0,NO,0,no,0,no,0
733,0x5ab64ac793a7e0ec2b8ec2f3a1481eba2892f7b4,NO,0,NO,0,no,0,no,0
745,0x785badbf1399e2443033e16c6dd4afd3d00fc593,NO,0,NO,0,no,0,no,0
750,0xdc9c454a9c3f90e464bfbe3c0561384f4b5878d8,NO,0,NO,0,no,0,no,0
754,0x8efa340f80bc3a7417836ee4c1ad0d614f0f9855,NO,0,NO,0,no,0,no,0
777,0x23feaeb78d4e0fc431b66a73e0fd0a632187467c,NO,0,NO,0,no,0,no,0
812,0x1244cec4958f5e7e8b58f94fa541271d9d587dc5,NO,0,NO,0,no,0,no,0
829,0x89ba683eb87bc7c149730a5da007455aa4e15022,NO,0,NO,0,no,0,no,0
1094,0x3f7b51ce80a1be7024d19fae4779474332efb2e5,NO,0,NO,0,no,0,no,0
1114,0xe1b56523dcbb93e894c20ba9e368d3357b845d1c,NO,0,NO,0,no,0,no,0
1129,0x3fafab68bac2f4099c5cec7278f70c0f1535a7a3,NO,0,NO,0,no,0,no,0
1130,0xbddf0987e8629077f0c39c0d42fc2be7aaa4c8e8,NO,0,NO,0,no,0,no,0
1140,0x5dbfb308f772080435144225b1867ff4fb6ec7a5,NO,0,NO,0,no,0,no,0
1184,0x5122895e91e28028c7c184c86e204ca70ed9ecf7,NO,0,NO,0,no,0,no,0
1269,0x0a619983d7e4818118b199398efd69d501107e50,NO,0,NO,0,no,0,no,0
1275,0xdc6c1c86c344085400f621cdba5a1192c0f11d4b,NO,0,NO,0,no,0,no,0
1303,0xd2c9c95fe962c49f5159b3551848a08243f663c9,NO,0,NO,0,no,0,no,0
1360,0xcd44e555a3a4e95508d92e95157b25e7ae5d2eb9,NO,0,NO,0,no,0,no,0
1387,0x89710322fc29c2c9e532406d0aab5b21687b20f5,NO,0,NO,0,no,0,no,0
1421,0x9e5781ed4749b279310db5e2e1941f83e9a08c9c,NO,0,NO,0,no,0,no,0
1426,0x84d115c4fe3e50be65587dedff8e80e53a092fb2,NO,0,NO,0,no,0,no,0
1593,0xcfc4f8ca7a08e344fae0453b4ab72cbdc50ea9bf,NO,0,NO,0,no,0,no,0
1598,0x1297909d5978928143f84ccfc5bdf16bc665f86b,NO,0,NO,0,no,0,no,0
1626,0xa5c2a2406d8644c679e27acafe9a6ca1ce732297,NO,0,NO,0,no,0,no,0
1702,0x5d7e46c6cde41cd3e0f6f5f7123625a820ffff08,NO,0,NO,0,no,0,no,0
1742,0x396df919d3f8629527631f5becca5876682a5662,NO,0,NO,0,no,0,no,0
1753,0xb810bbce29ee666406f7fb650bd12b7e10d192f0,NO,0,NO,0,no,0,no,0
1764,0xc962e41e23234eed51853a96b27360c88a528f58,NO,0,NO,0,no,0,no,0
1844,0xf629db59fc226f5499e26d85e08c82414c35d54d,NO,0,NO,0,no,0,no,0
1925,0x47c477d752eb4a735722cd8f54c411c34fb024d0,NO,0,NO,0,no,0,no,0
1951,0x0c207e711e64920e31d6aed62535f6766fe10fc4,NO,0,NO,0,no,0,no,0
1985,0xe9d8f954fc5e06c0c57c1ddf9fce30564b11ad58,NO,0,NO,0,no,0,no,0
2024,0xc2bac7971d350d31794eedee122b60cf469913d1,NO,0,NO,0,no,0,no,0
2057,0x48231f176569c58889b6272fa88ea15ee6065235,NO,0,NO,0,no,0,no,0
2125,0xbb48eac35bf0746954aa4c7b150feb20e875dd54,NO,0,NO,0,no,0,no,0
2223,0x4d64da347486d1d0515a98b527c7730c6384c8e3,NO,0,NO,0,no,0,no,0
2240,0x11b9945e8f0d75b456346d933597b93c73360214,NO,0,NO,0,no,0,no,0
2241,0xade8ea2b6331e99f66be67a84fd66ffd6b2efbe3,NO,0,NO,0,no,0,no,0
2273,0x0fbe83b361833b850fe8a2d869760fca9faff15f,NO,0,NO,0,no,0,no,0
2309,0x3215e923e8ad276e8dd390fd262edb6a36053b33,NO,0,NO,0,no,0,no,0
2313,0xb431b81e946a56b6eee4888e6f3ec419ec01abc7,NO,0,NO,0,no,0,no,0
2362,0xd45450e331c62d1b65434cdb6983c42d680d1c5d,NO,0,NO,0,no,0,no,0
2366,0x0696d2c64d09ad76d7f7ab645e35f3c9864f11cd,NO,0,NO,0,no,0,no,0
2494,0x0a3fbf4faf02f7b30d739286e34eedb6e5ff05cf,NO,0,NO,0,no,0,no,0
2579,0xeb48d8f20fe907cf1dfbadcb5f1864caccb15f45,NO,0,NO,0,no,0,no,0
2585,0xbd54d6c4959a15e893acb4c794cfc1e50fb977e1,NO,0,NO,0,no,0,no,0
2639,0xb298255a499b1f8206839b64090b5095c7330557,NO,0,NO,0,no,0,no,0
2652,0xff9082a799db9d94566ed6e61ed5f009d29fcb83,NO,0,NO,0,no,0,no,0
2746,0x5c00ab32587e2bb7d1adcc7ac8f71f0e03913f4f,NO,0,NO,0,no,0,no,0
2765,0xfeb894dad55c4ab1318f425304673d8be4c10252,NO,0,NO,0,no,0,no,0
2803,0xba5ec65681df9b65a8f349634279207c342f3bc0,NO,0,NO,0,no,0,no,0
2818,0x964c346a4f73d9dab12e8031b276228f23178869,NO,0,NO,0,no,0,no,0
2896,0x8b803e1db0fe91bd16e0c2efa702e322b7d73cd3,NO,0,NO,0,no,0,no,0
2966,0x25e20023ed864a554759559b90c446e911f6d3f4,NO,0,NO,0,no,0,no,0
2967,0x45e0c362637b0206f3e4d0a11e876bed7bb4cb59,NO,0,NO,0,no,0,no,0
2993,0xbc7c0d37263621b6e38a7b9862f700e8ecebc396,NO,0,NO,0,no,0,no,0
3039,0x4040a1c338a4ba99555adcc36b23542709a62838,NO,0,NO,0,no,0,no,0
3128,0x3b729d47675f6aae390fdf371dba1d1eb98bb186,NO,0,NO,0,no,0,no,0
3132,0x87965fd149f314f4ba39399956257cab07800cce,NO,0,NO,0,no,0,no,0
3162,0xa2555ed7f7e7fb29501f780fc4ef0fbf4fab98a9,NO,0,NO,0,no,0,no,0
3168,0xb63fc928a5a1815a7098e6c5b55248442ecd8bef,NO,0,NO,0,no,0,no,0
3277,0xd91f1108c67243e51e617cc90e32fac6cddd3b44,NO,0,NO,0,no,0,no,0
3392,0xaf8cdef731b735b7e2d66d3106a941c74d2c9089,NO,0,NO,0,no,0,no,0
3436,0xe5c59fa9ce80f6a7f20150b052970e8995a94ed0,NO,0,NO,0,no,0,no,0
3468,0x27575dc293d6b920e1ababf2f69e9559724fb5d7,NO,0,NO,0,no,0,no,0
3539,0xc74fe614e92ed4bce9006db2575e1465ca285a3c,NO,0,NO,0,no,0,no,0
3543,0x930d75a5dcdbe4afee0dbcbd0c6119fc6460c102,NO,0,NO,0,no,0,no,0
3681,0x6947c2b0bab7921c23943f9b00b8954401bd3431,NO,0,NO,0,no,0,no,0
3702,0x1380833cab9df21b9233346355971bfbd0e8185e,NO,0,NO,0,no,0,no,0
3773,0xe0459da14bae1f5e6fab63d6e93576353b0bb4a3,NO,0,NO,0,no,0,no,0
3968,0xee87734d32e16b22488e30d3ae7dc43fe8977303,NO,0,NO,0,no,0,no,0
3997,0x8985b233b8251fcfdb1e3282ade2443b2d069d45,NO,0,NO,0,no,0,no,0
4102,0xa469c710f4dccb315aca079c0ae7f9e0e64d329c,NO,0,NO,0,no,0,no,0
4160,0xa4a4b4972f02f13785788742c7dfbc04fa6b9f27,NO,0,NO,0,no,0,no,0
4207,0xfe895bd6a635f4b22389fb0b27f5ee71044d2954,NO,0,NO,0,no,0,no,0
4211,0xc434cfb929c7db952d6215ebb56b29e9be21e414,NO,0,NO,0,no,0,no,0
4214,0xb04406d9d980574936e502b876fba98b95dcab43,NO,0,NO,0,no,0,no,0
4232,0xbbb1ea5b879a7a33ac57f13fe7f6a2d73fe98bb0,NO,0,NO,0,no,0,no,0
4275,0x52bb53ee2c455d9fd20e6b247ae3c237b3cd293c,NO,0,NO,0,no,0,no,0
4374,0x9b2844b2e9e65128dd4148e61329ab56e191946a,NO,0,NO,0,no,0,no,0
4433,0x160e9500acd050b12e4df0db3e6a0c531bedebeb,NO,0,NO,0,no,0,no,0
4623,0x50b6db87443f7536d6978cf78e0509b03fe32033,NO,0,NO,0,no,0,no,0
4644,0x938dd77aa551b4bcdcd08d89d58268c8e13f342a,NO,0,NO,0,no,0,no,0
4682,0x06c0a96e5ad7818fa372e90fe5f43518669bf03b,NO,0,NO,0,no,0,no,0
4715,0x970c236ea3a89473116fdf2c955ce8766cf08dbb,NO,0,NO,0,no,0,no,0
4719,0x8300538da89ce2eaeed1537d17f22b5788ef8584,NO,0,NO,0,no,0,no,0
4959,0x71d926fba44eced3f8aa2fec0347b000bcda080e,NO,0,NO,0,no,0,no,0
5015,0xc7a014d9526115d7fea8ef7d2912acc8ea6e49d0,NO,0,NO,0,no,0,no,0
5065,0x21083cce8d53e15c6396ed42b8cc6f75ac9bf96b,NO,0,NO,0,no,0,no,0
5087,0x3d3ba438d61fda4afeaf10831c6c2a46cd024711,NO,0,NO,0,no,0,no,0
5094,0xbe256c9b3537aed487f706d3fb9eab527453a02b,NO,0,NO,0,no,0,no,0
5110,0x3b995edc5047952a8b980a2025b4cfbc4cfe7c8c,NO,0,NO,0,no,0,no,0
5160,0xfecba612222b07b3a186b70096ff88d7891b8abe,NO,0,NO,0,no,0,no,0
5232,0xb1cefa9ae4f5c3c96fc10140d05b0705e1884325,NO,0,NO,0,no,0,no,0
5318,0x75df6f462277b81ca99bdb4a2c4db3f9438a9733,NO,0,NO,0,no,0,no,0
5383,0xd3e0f4a04368d1424cd43786f115bb63658a524f,NO,0,NO,0,no,0,no,0
5505,0x3657ad2a181f299ddfa8da9e146563ae27024cf4,NO,0,NO,0,no,0,no,0
5541,0xc32cd9861a1508749ed2772d1871aa55ad0ce398,NO,0,NO,0,no,0,no,0
5561,0x5296cc48a756561573f9c8b2953dcccf4c32bd03,NO,0,NO,0,no,0,no,0
5562,0x409a3335e45f4983966b00f22518fd4700caa780,NO,0,NO,0,no,0,no,0
5639,0xa03747337cb71a3e7f7cc92e7fbc1d197e608929,NO,0,NO,0,no,0,no,0
5725,0x796296205c600a82e9da3dd90310d2f0daa72c0a,NO,0,NO,0,no,0,no,0
5729,0x4ed5467590eab045ed0623ab764c1672d051c664,NO,0,NO,0,no,0,no,0
5796,0x438d63e4419ab5fbb30bf1f13d77d2f48c529875,NO,0,NO,0,no,0,no,0
5899,0x951321e7120db7a91d244d7c1cd77228b7209b75,NO,0,NO,0,no,0,no,0
5922,0xb54cae6685b028b52877e8140debc3c54c8c2537,NO,0,NO,0,no,0,no,0
5954,0xdcadb1bece5209e6b4402f13240b0f571b6eae24,NO,0,NO,0,no,0,no,0
5964,0x4b29fe67d789da9b83e26a2e98c7243f73389abc,NO,0,NO,0,no,0,no,0
5995,0x138d505f1c15bbda6e5935bf3acf93b9d2dbad7b,NO,0,NO,0,no,0,no,0
6003,0xedc3d56956b00df950badc0598889089c4add128,NO,0,NO,0,no,0,no,0
6084,0x98dffed9c35dbde2d9cd519fe3c34d6f54fc0d9f,NO,0,NO,0,no,0,no,0
6130,0x4b7f50783680fad0cb26829d28f94b90680f68f8,NO,0,NO,0,no,0,no,0
6285,0xf07039ac3045f34fb300496e517a44b160acd34b,NO,0,NO,0,no,0,no,0
6295,0x8dc1bf794ababd3e0229829cebec40c90b47bd9d,NO,0,NO,0,no,0,no,0
6303,0xc5a279fe8fcf216d4525a7fbfe050234fddc40db,NO,0,NO,0,no,0,no,0
6313,0x898dd963fad22932e0a3081ecb457816e2dc914e,NO,0,NO,0,no,0,no,0
6328,0x192c3e9fda8623adf0d16108eb5f791e164bac5b,NO,0,NO,0,no,0,no,0
6338,0xce83dfcd1ae027c514604d85a783b4d5b34d5d39,NO,0,NO,0,no,0,no,0
6362,0xd66d1b39bcd50931102f472951fcc521578602bc,NO,0,NO,0,no,0,no,0
6400,0xeea5925b4a202df4ba4b6f099fc2d7e0bfb58d2c,NO,0,NO,0,no,0,no,0
6504,0xb58fb53377521d64766d12a317e330cabd4326f3,NO,0,NO,0,no,0,no,0
6549,0x1faf41abb532950f4ddcdf8a5520d782887dd95f,NO,0,NO,0,no,0,no,0
6576,0xd91a5420b4c677614f9e2e913af6d0482b94a4bc,NO,0,NO,0,no,0,no,0
6583,0xf46d74942cf732392414a92ac6927e2fbde532bc,NO,0,NO,0,no,0,no,0
6688,0x6c4e1cbf5dc97883b937936aed944cb9b5f81442,NO,0,NO,0,no,0,no,0
6702,0x5d7ffd177dfa4d938174b3275680cd1eaf48f93e,NO,0,NO,0,no,0,no,0
6705,0xf9c3487e6ce088a58fbb5e0f403140e41ee6ac31,NO,0,NO,0,no,0,no,0
6743,0xb3cf72ed7e00f32d212d29d92820875ba3631632,NO,0,NO,0,no,0,no,0
6760,0xcc8f292a8f8b6190518f38727ccba6cd464b70f9,NO,0,NO,0,no,0,no,0
6832,0xc6eaf98151a2b5c4baf759ce907e0065aa1bf111,NO,0,NO,0,no,0,no,0
6856,0x53d5b183e5b8aa9621d39ee993618a2c297f1d2e,NO,0,NO,0,no,0,no,0
6870,0x406993240bc242b37c778d0bdb2db9fca4c9d049,NO,0,NO,0,no,0,no,0
6910,0x4a3e96c39675dd100f5ba21d64fe135b71cdcee9,NO,0,NO,0,no,0,no,0
7012,0xadf9b6aeae13ad6cfc1acebc6f532dcea1a05058,NO,0,NO,0,no,0,no,0
7052,0xa359311c4dc2b61e197186c4191b7889f988babd,NO,0,NO,0,no,0,no,0
7096,0x648a6b1332c705197b9691da2e423a595787bb12,NO,0,NO,0,no,0,no,0
7148,0x13f293039399e7ba14d8a9be1e9c2a2d87249db4,NO,0,NO,0,no,0,no,0
7235,0x381e612aa32b53c868cc908586c349a236c1251d,NO,0,NO,0,no,0,no,0
7246,0x8f04c21f04ffd1293041d69ad889014326582b61,NO,0,NO,0,no,0,no,0
7304,0xac5b0b0bdb3ca90e208e8e06f8a10200b0a88194,NO,0,NO,0,no,0,no,0
7323,0x70d5ce50ea5e5c428bf46b14e299ee2b2d3d41b6,NO,0,NO,0,no,0,no,0
7341,0x346914e2a8ec5edb60b4a2004efb23d16038e511,NO,0,NO,0,no,0,no,0
7351,0x775fd6e7424ddcf595dfb8815df36cf1c7637cff,NO,0,NO,0,no,0,no,0
7373,0x16c032f32380557901db5524f3bff5061ca28a3a,NO,0,NO,0,no,0,no,0
7460,0x5879c9ad534b5b9acf47ed0d33a946de46877ac4,NO,0,NO,0,no,0,no,0
7526,0xbd2057cc41add2063f7502ffcf6267c24e4a70af,NO,0,NO,0,no,0,no,0
7555,0x742d8747c83638727366714467ce1bfa4665ae35,NO,0,NO,0,no,0,no,0
7640,0x0803502669d566c923a9e0ade9721d0c5ead2c93,NO,0,NO,0,no,0,no,0
7649,0x9191e2d38d8d533811aac93361431882e2005d22,NO,0,NO,0,no,0,no,0
7703,0x97dd9dc683cd8bb4b2536de551b214102b5520d0,NO,0,NO,0,no,0,no,0
7735,0x6925cebab80636d5614a021adfaab14db3647422,NO,0,NO,0,no,0,no,0
7791,0xf89fb292a49dc4c3d59393e2cdad4142ea3f78a6,NO,0,NO,0,no,0,no,0
7854,0x04be1ba8d27863dc563d04905cb7638666b031e4,NO,0,NO,0,no,0,no,0
7857,0xf80382262efe7b4fb4abf18032505f15a9dbbd7b,NO,0,NO,0,no,0,no,0
7905,0x3e0877066fbf3d764b2217d937bb31c970d34f2e,NO,0,NO,0,no,0,no,0
7916,0x383cc0d1be6069efcb042d9f18c038cb3701205d,NO,0,NO,0,no,0,no,0
7971,0x932e4ff5f5c1998b3d3f6656db6c0d5a1144fdd5,NO,0,NO,0,no,0,no,0
8005,0xdeab2bf2f9b14e73689e482f5837aa25ff6018bc,NO,0,NO,0,no,0,no,0
8059,0x15e3b73bc306d3fe84b1ae2aae24de4672474369,NO,0,NO,0,no,0,no,0
8162,0xe7889e29d2a0de12fd53f0e23c1c6e60a889e63a,NO,0,NO,0,no,0,no,0
8182,0x2f3d938006c59ddc2f3897f5d42be78c3edb8ff9,NO,0,NO,0,no,0,no,0
8216,0x14b096eb7ada6f58b7f39fa4532b781325faedac,NO,0,NO,0,no,0,no,0
8218,0x6a075f8208f4e7dd26ffce00df70ca1db5d599f5,NO,0,NO,0,no,0,no,0
8219,0xa8d352f246695076bdb9adb701f13035c3ddeadb,NO,0,NO,0,no,0,no,0
8375,0xf2ddc005a3da62704c17449a0edb39490fc55ebd,NO,0,NO,0,no,0,no,0
8426,0x2bc491b53a2d70c798f619320ad3eaf1b294b1bd,NO,0,NO,0,no,0,no,0
8461,0x6662c4192299b19ad0f62caedbcd4a60359852f5,NO,0,NO,0,no,0,no,0
8472,0x8530beb1e580ba49cfc92058354cfc216e0ed60d,NO,0,NO,0,no,0,no,0
8484,0xe7351a49d4fe8312e11b6fb52e68a232a1ba5654,NO,0,NO,0,no,0,no,0
8506,0xd211ee0fc1ebc9c2ba6d5f4371861b60c9882a33,NO,0,NO,0,no,0,no,0
8572,0xfa52afc6d1a91478d4b3367d6d80d0fe01ee3f82,NO,0,NO,0,no,0,no,0
8610,0x0cdcdda93d07343020a9be098942a1182f3a5442,NO,0,NO,0,no,0,no,0
8659,0x236ce1e3da8c5cb10d0b3613588b8df10791d7e1,NO,0,NO,0,no,0,no,0
8735,0x313f54cd3520f3eb3b7bb683a8779e265a61fba2,NO,0,NO,0,no,0,no,0
8833,0xbe3dba9d4c0a45b260f33eeb9895001ef4002700,NO,0,NO,0,no,0,no,0
8842,0xcea62ae0e3ab5c671018a1af8b1278b45a5d40fd,NO,0,NO,0,no,0,no,0
8870,0xcfa4bf8368ccebc66045183cff82d8346a65f8ab,NO,0,NO,0,no,0,no,0
8900,0xd7e8f0d783bd7be38fc8944f2530e92737ae3e96,NO,0,NO,0,no,0,no,0
8979,0xab68e3373b28e91f4496b2d0d03fc9fdbb7e092d,NO,0,NO,0,no,0,no,0
9015,0xf3c959a5d891ff5cb6856dc19489ff3639125de2,NO,0,NO,0,no,0,no,0
9017,0x6e04f3fb8537da365eb130fff8c57b522ff377c5,NO,0,NO,0,no,0,no,0
9040,0x3a4be70e81c6e22d2a47a9d5f420dc187fcdf331,NO,0,NO,0,no,0,no,0
9041,0xc0baaaa6971f7bfa246a7b95c8cf263c1a3e3575,NO,0,NO,0,no,0,no,0
9072,0xb7f400e3b155f785c7cc865268539b60be84661f,NO,0,NO,0,no,0,no,0
9097,0x1bf19a294f08203c74d7d8e18f19da4cf8a15fdd,NO,0,NO,0,no,0,no,0
9116,0xa46fe33ccdb8676a37e6e3f1e27a08d1707b6c4e,NO,0,NO,0,no,0,no,0
9117,0xb6d0f148a735c7771905c6a499f1c613daffd959,NO,0,NO,0,no,0,no,0
9132,0xc491c4c913a23675a56f52ac76a7bc9bc0fb5f8c,NO,0,NO,0,no,0,no,0
9135,0xe014489795fe67a4f4136061e784407c0d50b455,NO,0,NO,0,no,0,no,0
9155,0x3e931398519b326eb8e22d3601d3c9760c88cfcf,NO,0,NO,0,no,0,no,0
9186,0x66b4b033b2a5b612ec59e02b4dcbdeccd8dd0f93,NO,0,NO,0,no,0,no,0
9204,0xc1d821d04583069d00e575fcd490ae1d54dad21b,NO,0,NO,0,no,0,no,0
9396,0x938c23f0ad23cb87a25df679e9714248e06d934e,NO,0,NO,0,no,0,no,0
9400,0x627f4478adb8cdb6fb38c03c18baf26d394f818a,NO,0,NO,0,no,0,no,0
9461,0x5f55a665bb6c96dc902930f69b5162e3a0338303,NO,0,NO,0,no,0,no,0
9479,0xef2e39ff7b0ff2f91ee7b211d62bc94507abee9e,NO,0,NO,0,no,0,no,0
9481,0x4d88b07caea479a73e537dbf9cf45d4b432bf9e2,NO,0,NO,0,no,0,no,0
9488,0x95f0b367001746fd6e50ac22782411d84f1e0850,NO,0,NO,0,no,0,no,0
9520,0xc480d882401a6ea77dfe904f24aa0ea423464ddb,NO,0,NO,0,no,0,no,0
9526,0x27558928c6ed4f1975835b98b940416f4554b7b9,NO,0,NO,0,no,0,no,0
9559,0x11a34b3dcde9e42b3dc95b2426458a752b0c3d94,NO,0,NO,0,no,0,no,0
9576,0x1ac75ad63998699c68992bbdb41778cedaa64847,NO,0,NO,0,no,0,no,0
9704,0xcdd4ba1cf9bc283dcf7e96de3dcf8fa9bab05500,NO,0,NO,0,no,0,no,0
9716,0xf785d5e00703cbf95aedbed63ad2fe480a9c1ebc,NO,0,NO,0,no,0,no,0
9745,0x5a071ba1181e280845eec8fe4f8d2bf7054bf319,NO,0,NO,0,no,0,no,0
9787,0xeeb9f44343534257c0de8d72b68150efad85a13d,NO,0,NO,0,no,0,no,0
9833,0x60ec92ab5f37a29ee72d0ba9200e429af8754940,NO,0,NO,0,no,0,no,0
9873,0x4695df666e2e1894bd5fd638cd962e7a55367ede,NO,0,NO,0,no,0,no,0
9921,0x609ad3ae04158c7a117c2cf26a7daa576986e0b3,NO,0,NO,0,no,0,no,0
9955,0xcf3b64b263e8f838c7ad677455db70c400e29742,NO,0,NO,0,no,0,no,0
9997,0xd18d73683b57b3ea30477038a132223e518faea0,NO,0,NO,0,no,0,no,0
10011,0x002ffc401494c4b65843e5981701c87579f28405,NO,0,NO,0,no,0,no,0
10023,0x4c3b6ddb6a34a308083e90ba44638e582a29bf29,NO,0,NO,0,no,0,no,0
10034,0xd05a98152cfe5ac8a9b38cff60b2388a72815cb1,NO,0,NO,0,no,0,no,0
10037,0x4b72a038774509e16edd4e4995b16ba269b874aa,NO,0,NO,0,no,0,no,0
10138,0x0ea5ae4782918baf7d496a10b9f48a20055c52e5,NO,0,NO,0,no,0,no,0
10149,0x1ba1a96d5190ce39276d18dd54d21a6b786b4b2e,NO,0,NO,0,no,0,no,0
10154,0x2f30b39a4ca4e05eb834c717ce1076fbafc8f0f2,NO,0,NO,0,no,0,no,0
10193,0x654a5d2ceff665ea34a99af5ed84c0b7633cdbf4,NO,0,NO,0,no,0,no,0
10230,0x89477e26fb2d49fbc70b9e04be0052be8671da00,NO,0,NO,0,no,0,no,0
10232,0xdf8a08357f627e2fd16fc8dc182e84dde592159e,NO,0,NO,0,no,0,no,0
10280,0xc23c5d179c716c3d820ad2684c8e71d133301f37,NO,0,NO,0,no,0,no,0
10286,0x7627a243085acc10647f0e8f909f069dc4a288c6,NO,0,NO,0,no,0,no,0
10296,0x30a5e9bb06461055cbd1533292426dab0ee4fbb3,NO,0,NO,0,no,0,no,0
10326,0x01e7d2d1f4b0ef644dffdf97004a82ecf554e8b3,NO,0,NO,0,no,0,no,0
10348,0x92938cadd8c49d785e3439f23f82235e09130a23,NO,0,NO,0,no,0,no,0
10366,0x525c44c952197781f6abf9100e43a277115d075b,NO,0,NO,0,no,0,no,0
10380,0xe3887945651476c7c8d3f98ad1dec2f54e9dc38c,NO,0,NO,0,no,0,no,0
10423,0x109507dfa6b36f99c0c42ccce2fc300a6f5b617d,NO,0,NO,0,no,0,no,0
10501,0xa88f0da60241cfcf3c5b5ca080a670662e1a3a17,NO,0,NO,0,no,0,no,0
10515,0x8e74ae785c375e81e433777b6b53a0eb4bd67e6b,NO,0,NO,0,no,0,no,0
10539,0x4e292bd803dd765194bf8e79275d1a8541ce03f5,NO,0,NO,0,no,0,no,0
10542,0xbcf868e590f39d6b03c9e190083e1baf0151885b,NO,0,NO,0,no,0,no,0
10584,0xf8ac8a410e943a4ed777f94eb62ab5f2b8fe77b5,NO,0,NO,0,no,0,no,0
10619,0xb283d0377762976c8ce6f03ee30af01048593a50,NO,0,NO,0,no,0,no,0
10626,0x6ff539291354bf6b966641985c93b9ad803d1cc8,NO,0,NO,0,no,0,no,0
10642,0x8f9ef18aefdeb19b522a2579526b2e352b49e7df,NO,0,NO,0,no,0,no,0
10659,0x31bc123129471d583a0f1d2da19d089a4d1866b6,NO,0,NO,0,no,0,no,0
10678,0x9be3ae64dbdb3b5727f2447e2260f8e431e3f134,NO,0,NO,0,no,0,no,0
10722,0xa2af55b949acf16d56b7764493b9bc35f9f3537c,NO,0,NO,0,no,0,no,0
10746,0x50900495b29e8301e477163d5ffd925178805c5b,NO,0,NO,0,no,0,no,0
10842,0x4b689cdb6f968f34eadab5b00a6b4afb3f90ce69,NO,0,NO,0,no,0,no,0
10955,0x4620eb2225b7caf9fdf99ba778fb0ee5e4da48a0,NO,0,NO,0,no,0,no,0
10981,0x448e1e9baed2fee6c3e2db6a84ffd2014b203069,NO,0,NO,0,no,0,no,0
10983,0x5fcccc9a43bf85cb1fdc6668934c095f021717e8,NO,0,NO,0,no,0,no,0
10985,0xbd3bd63e46192ff935dcedf420d026e107127659,NO,0,NO,0,no,0,no,0
11023,0x8b83b7028b4d79f18aea106b2f8a0dc7c35ca122,NO,0,NO,0,no,0,no,0
11059,0xeccd9cabe1b62543b922fa3f7ea21d207bfb6bd1,NO,0,NO,0,no,0,no,0
11104,0x33bcbe1438566f0314fdfa6be5ab140022263620,NO,0,NO,0,no,0,no,0
11175,0xadf9728e0c4391f073fc70a20869b2daa258a65f,NO,0,NO,0,no,0,no,0
11217,0x9d637fac06d5b9017a818b669d30403831deaced,NO,0,NO,0,no,0,no,0
11236,0x537d48c82aaf91caf93ddc84de7af53a8524e9ee,NO,0,NO,0,no,0,no,0
11239,0x9a7e9d330c85fbc5c954264cd5fe1079f37e3c67,NO,0,NO,0,no,0,no,0
11262,0xaccf0b172f0c49a8c0c43db7c95c103da747aab2,NO,0,NO,0,no,0,no,0
11293,0x04b65050826bf0e80e3a9c95ad4e4c8e23e052e5,NO,0,NO,0,no,0,no,0
11302,0x8ecc0903ed3d511d5c71b1df7421122944d97119,NO,0,NO,0,no,0,no,0
11315,0x7ff91d4cd9d9cd101c30df6e13805882e4e1d8d6,NO,0,NO,0,no,0,no,0
11357,0x4b9e3a83c0f92a2da9fd2fd2f1a24d38a32321b2,NO,0,NO,0,no,0,no,0
11368,0xa50b2ac8d26e4ad1e976a5e73eba8a2600b3b32c,NO,0,NO,0,no,0,no,0
11431,0x65ceab290c4a7a8bfa7091a8c1891a21228fe137,NO,0,NO,0,no,0,no,0
11476,0x5f11820dc1b8f707963b60dcea75583c670f2138,NO,0,NO,0,no,0,no,0
11508,0x4881e19652fb5f8f901e30db2e3d0ebcf33b434a,NO,0,NO,0,no,0,no,0
11520,0xce30f7cf383a6ec010176c08efd727c52c7c4eab,NO,0,NO,0,no,0,no,0
11527,0x93bc06f2bc2ac04b51e868b6aff3e0b2e8d4dc69,NO,0,NO,0,no,0,no,0
11543,0xe62dfef208dbf1290a71a295ee91466002b420af,NO,0,NO,0,no,0,no,0
11548,0x82f3ff90b78643a9a5ed12428bcd5ffbf7fcc788,NO,0,NO,0,no,0,no,0
11552,0x364a02f4359042bde2cfb25c46e9c159c23a5c42,NO,0,NO,0,no,0,no,0
11596,0xc1b059501da7dde3fe6082245fb5721c32ba8172,NO,0,NO,0,no,0,no,0
11605,0x2000fe4707df0e72b72f92753cfc237fc26248c6,NO,0,NO,0,no,0,no,0
11610,0xad93692bde9c617861f49a70d89b7740635a5ce1,NO,0,NO,0,no,0,no,0
11627,0xde3ea650ef5c6145cf98cff4d82c92ad21129190,NO,0,NO,0,no,0,no,0
11642,0x00a5d192cee24f2b95f631c9c86527423282dfcf,NO,0,NO,0,no,0,no,0
11646,0xabf6765946a9b48837523accc4cd9ba01ee71571,NO,0,NO,0,no,0,no,0
11658,0xe2efd90fcb3858aad058b51be3bed20c8c9bad68,NO,0,NO,0,no,0,no,0
11731,0x7636c265ae812bdeccc6f5f696e84a37788e0ab9,NO,0,NO,0,no,0,no,0
11732,0x0b40aa7f3fb58e2f23f882514eae76594d6d96da,NO,0,NO,0,no,0,no,0
11756,0xf82997c53c26a83530bcfd6ee82615ed20c2e6f8,NO,0,NO,0,no,0,no,0
11759,0x3ca66a559203d6ad129d97814c4858802fdd08bb,NO,0,NO,0,no,0,no,0
11775,0x10e4bc2f1e81d7953caae5b35031ba9a0df0b67b,NO,0,NO,0,no,0,no,0
11793,0xdb1652d14465ef791b9938bae0b1242107e0d851,NO,0,NO,0,no,0,no,0
11847,0xf08500ebb0ec07960b1d22c533d1ffb505226b90,NO,0,NO,0,no,0,no,0
11861,0x5cac5955df4d37551c0b484104c9c288b93a0118,NO,0,NO,0,no,0,no,0
11867,0xc31ae8d4f9a020bc75d040e5a79f5b10329b2bdb,NO,0,NO,0,no,0,no,0
11936,0xf96bad7d908b0b9b1bb894d8bf8ab9655d39af6c,NO,0,NO,0,no,0,no,0
11979,0x839e02a24374edbbcbba57fd028197c73484289f,NO,0,NO,0,no,0,no,0
12027,0x637824721412d8d67005ea029376e32230eaeb88,NO,0,NO,0,no,0,no,0
12071,0x4de4ace849a0b23243e232a98eefd63d7d179c70,NO,0,NO,0,no,0,no,0
12108,0x1f66a8cea35faae2798d156d986b702b36220fd0,NO,0,NO,0,no,0,no,0
12110,0xf671aa6f12cae6f2ac54af39d5dd428a040614a3,NO,0,NO,0,no,0,no,0
12157,0xbd78826def1a8b4752381c26e9fc0abc601b2441,NO,0,NO,0,no,0,no,0
12198,0x58e57e29ff5d26a71b00176b541dcb8717f9f71a,NO,0,NO,0,no,0,no,0
12237,0x8e5e17e09cc2c04e8ef2536f6f79b8595e4de185,NO,0,NO,0,no,0,no,0
12251,0x8cc565f39503c41f24d0ffaabfa42d4aa72e84a9,NO,0,NO,0,no,0,no,0
12263,0xd76239d8bae4f1a3912276ae4368257034dedd1a,NO,0,NO,0,no,0,no,0
12328,0x21a2739a7459dd38979278d28ee6208abf9facba,NO,0,NO,0,no,0,no,0
12357,0x2abad5e61e56476b5c9cef95ea3d8f00ad7f5ed0,NO,0,NO,0,no,0,no,0
12361,0x82ab0aa8d3b458a014bd2560d1417e5a51171882,NO,0,NO,0,no,0,no,0
12366,0x71ce4d3ed7c09b547e7e1730d34f25359521f0bd,NO,0,NO,0,no,0,no,0
12367,0xdfc37feb54a0f798c63bb7cd4a19e164f4f41864,NO,0,NO,0,no,0,no,0
12377,0xbe541baeb791055cb7049b6f9dad13ba90fa7138,NO,0,NO,0,no,0,no,0
12410,0x9bd73f42751eea4f8b50812c47f384944dd73ed0,NO,0,NO,0,no,0,no,0
12418,0x768202f14559949a4a4d3c67d7bcfdc8b5866601,NO,0,NO,0,no,0,no,0
12464,0xf4cb44d5aadcfcbd5aac14f500720eae4e950aa1,NO,0,NO,0,no,0,no,0
12478,0x17b53c72e1d74e24de306ecec443c107896d725e,NO,0,NO,0,no,0,no,0
12502,0x0f1a16f426967a0e29df3e212598cd329229c229,NO,0,NO,0,no,0,no,0
12507,0x93eb066074d49c2782a0dae5a83512cdd9fcf3e8,NO,0,NO,0,no,0,no,0
12553,0xe637d06a6bf1853eec159d2f71963d44fe65105d,NO,0,NO,0,no,0,no,0
12564,0x4008ad2da5a3bec2d0b73b31ee0703bc09687085,NO,0,NO,0,no,0,no,0
12566,0x5e57d5fe1082b4bcc0b386fd2a10b22bebf7ad6e,NO,0,NO,0,no,0,no,0
12587,0x2e1380dcbaec6477081f5d770806e2aae71ddd1f,NO,0,NO,0,no,0,no,0
12588,0x35208f7853a58cd0d5d0aa69664abf830b43bc4d,NO,0,NO,0,no,0,no,0
12610,0xe98d3a0e12471bd9014b017a7100f2b966626d1f,NO,0,NO,0,no,0,no,0
12616,0x759d4ade9c517bc48e96dd54115277861f3c43eb,NO,0,NO,0,no,0,no,0
12630,0x5ebf6aafe796de90050f8e9a72f0c3e34ef0f537,NO,0,NO,0,no,0,no,0
12633,0x0be2709401d1ad7ea9f84c11a829e3396884f87c,NO,0,NO,0,no,0,no,0
12670,0xc71b6bc4dd546397e1e0dd877ea20df43d8051bc,NO,0,NO,0,no,0,no,0
12705,0x50ea3ae4de39703291e888293a2308604fae5146,NO,0,NO,0,no,0,no,0
12711,0xb15b83dc9e1e9f03862694103bff54b1a8d7b928,NO,0,NO,0,no,0,no,0
12763,0xb728eb1e6563eda1e647e17c9c86594b89f5ad52,NO,0,NO,0,no,0,no,0
12833,0xd6d00dc832f78f02512bce49f2f4bab8ac6a5fd6,NO,0,NO,0,no,0,no,0
12834,0x9cf9848953dd9a5bc9877846df2184620d246ac3,NO,0,NO,0,no,0,no,0
12861,0xf1c686d3d207b8d831179db5b816f25549354ac8,NO,0,NO,0,no,0,no,0
12884,0x48ffb9ddf99302ced0bafba36ef406b4e43325a1,NO,0,NO,0,no,0,no,0
12890,0x30b7e50d6fae280f455740cbf64fdd7cba7a13bf,NO,0,NO,0,no,0,no,0
12917,0x20f89ddc0c38a09d3546fa5b825462ecbff76689,NO,0,NO,0,no,0,no,0
12940,0x630e1c695ac6e35204df3e9a208175ad1a4ab35b,NO,0,NO,0,no,0,no,0
12973,0x11324424f7c6a9a87f70490e28e6b0fd7ce8ff67,NO,0,NO,0,no,0,no,0
12977,0x0826e0352ce438e09e1c4ba42c13a8f486d85106,NO,0,NO,0,no,0,no,0
12983,0xdc25b8be81841fc1f5ba19da66d63419771ffcd6,NO,0,NO,0,no,0,no,0
13012,0x6c50f96479c702ba4e90388f020ba4fa0e2383ba,NO,0,NO,0,no,0,no,0
13036,0x5d0d1faf8cb604f0a2d120ce986feff265049ac1,NO,0,NO,0,no,0,no,0
13047,0x7a589ab6ab8ab1b35a9044e7ab0e96a79dffaa68,NO,0,NO,0,no,0,no,0
13073,0x26221f8257ca48e9f1e046a068ae5724bcf1d503,NO,0,NO,0,no,0,no,0
13086,0x208dfb32a9c505886e3ec9aa1a38210cc8172385,NO,0,NO,0,no,0,no,0
13135,0xaa1eb9c8784500fb02490fde89a1a8e1b79051e1,NO,0,NO,0,no,0,no,0
13151,0xe736f53197baff9253d11ae74cdc464c0a0eec47,NO,0,NO,0,no,0,no,0
13178,0x692b5eec04cb001b7235aa0e58eb2b56ee77303f,NO,0,NO,0,no,0,no,0
13188,0x87f9560a46e9232cb999c4f9facf5c54c62e1a2e,NO,0,NO,0,no,0,no,0
13204,0x807e1b21b03cb3c801ad34992ba1e3caf6c683d1,NO,0,NO,0,no,0,no,0
13208,0xb44d2f8868c2b70479e81b0bb73de25c042598d0,NO,0,NO,0,no,0,no,0
13219,0xaa03c61e51802cd2029b9d62bd770a0a3a2997db,NO,0,NO,0,no,0,no,0
13222,0x85e69d4872cd61b570a7098922d38f2e2fde64fc,NO,0,NO,0,no,0,no,0
13291,0xf71e9e42a501fc458ebefb4902ded0f4ea50b6f5,NO,0,NO,0,no,0,no,0
13295,0x0d7e9ee894c1eae385aee2f83e9ae3c100a8983d,NO,0,NO,0,no,0,no,0
13297,0xd1b80fbd26dd2f48ab99d84b4138a86f88333a05,NO,0,NO,0,no,0,no,0
13303,0x6de554b5f8c5020f458969bc73ba2383c3894654,NO,0,NO,0,no,0,no,0
13346,0x219ae70f83563e191361ea4bdb20758de9cd62b1,NO,0,NO,0,no,0,no,0
13375,0xa4018a871b700c24b6d5841f7dbe25c16f4f05ba,NO,0,NO,0,no,0,no,0
13400,0xd81bf06327ea2c98db92b40a8c443b9c182bed0a,NO,0,NO,0,no,0,no,0
13412,0xe92131948b17cd42eec68a41aa870544526a7804,NO,0,NO,0,no,0,no,0
13456,0x1273bcf30d427ac7dbfed5c7a12001e0dd1df1c6,NO,0,NO,0,no,0,no,0
13517,0x454c0d9b02a6dec6a2537ea387912070dbd41b4b,NO,0,NO,0,no,0,no,0
13519,0xd5c0c49d0de8e530bf8f091460605ed9bfbb1c45,NO,0,NO,0,no,0,no,0
13550,0x8459ac549d98c59e27d7aa7af11ca0a5b42d6ebe,NO,0,NO,0,no,0,no,0
13556,0x6415a48f6bc441090aefca3fe05c5607fe4bd4e4,NO,0,NO,0,no,0,no,0
13578,0xf0b1586f8f79d6528bab213f5a486987390fb8b2,NO,0,NO,0,no,0,no,0
13614,0x82260d7fcdd09eb843e91ec5c216d65d7b1a9a70,NO,0,NO,0,no,0,no,0
13628,0x6a8620c741eb932df5b8e23817250f29072f22bd,NO,0,NO,0,no,0,no,0
13680,0x8d8388fc78764c9a8043be5349ddf087c0ff1030,NO,0,NO,0,no,0,no,0
13688,0xf8a6175ef1f272f2e7d87b908536a3fafdb6cedc,NO,0,NO,0,no,0,no,0
13689,0x8ea6889b34e56c95cec1622640980eef49d90918,NO,0,NO,0,no,0,no,0
13701,0xdf36d804176f4e224e248a93c50145f56c6bf239,NO,0,NO,0,no,0,no,0
13702,0x50805f2c802f59cd48991ede45166cebbf83f0fc,NO,0,NO,0,no,0,no,0
13720,0x3259d6c027b848c5cc91d7995a1d60ff436a0722,NO,0,NO,0,no,0,no,0
13731,0xdd699b0e62626aad4d81505d94f4328875884dca,NO,0,NO,0,no,0,no,0
13756,0x4d4feb01b78adee6a3d1dc8956ddd7e0fab3812f,NO,0,NO,0,no,0,no,0
13759,0x5517e9c5d457681280f946cd0b9893e9e3792556,NO,0,NO,0,no,0,no,0
13785,0x2750fee3013e747cbd7df9bff3ab06c69c489213,NO,0,NO,0,no,0,no,0
13801,0x6af187a825a463720628ffd758be18693bcf2264,NO,0,NO,0,no,0,no,0
13807,0x7ee61332c024b7b626f57b4e674448c97fe70173,NO,0,NO,0,no,0,no,0
13840,0xf512a8b86d86198177dea134e02bda1ba3ef6783,NO,0,NO,0,no,0,no,0
13876,0xbbe2352308d502f664453086b01f9758d749f6e6,NO,0,NO,0,no,0,no,0
13884,0xcf02b3527a64e958bc392d27131e1c7f59628c60,NO,0,NO,0,no,0,no,0
13926,0xf9bbbec7cd5acd763bbdc40f381204bd08833892,NO,0,NO,0,no,0,no,0
13942,0x7f2e3a2b112baefb703887b3b5835a80b5bf1351,NO,0,NO,0,no,0,no,0
13984,0xfc7bf33c986a695ebf6d13e566d4c54647186f25,NO,0,NO,0,no,0,no,0
13997,0xdca9f3d4aafc1068971707baa813935f94fc31ff,NO,0,NO,0,no,0,no,0
14006,0xca38ec3984d0da42c0ce17afa26a41649c6d74e2,NO,0,NO,0,no,0,no,0
14024,0xa2718f9c4a4abd10e53f3f69654dced4452019da,NO,0,NO,0,no,0,no,0
14070,0x6ced41f82b8b6907417045f5f268e848bc30ed8b,NO,0,NO,0,no,0,no,0
14071,0xa27c89394a39742ef956853318d129bdf1cdd6ee,NO,0,NO,0,no,0,no,0
14137,0x73edfb88dfc1e85e8a3eae66a47566f28733df50,NO,0,NO,0,no,0,no,0
14179,0x16bce8af5a9631e990f6e37eecb868dd2272c0b5,NO,0,NO,0,no,0,no,0
14299,0xd984aaf720f9dadaec002c82c0812a399e275e08,NO,0,NO,0,no,0,no,0
14301,0x40b9ca701050d551e163e81ad0e40720de0f3036,NO,0,NO,0,no,0,no,0
14304,0x9d7151de0b3b3b3e4f29e0a29e7d389ac180ee02,NO,0,NO,0,no,0,no,0
14324,0x77ddeb2868e45cd89818a5d166249f365600c1c8,NO,0,NO,0,no,0,no,0
14355,0x51151a0281f3e6d2a7dedd8218c7c0e6401dba89,NO,0,NO,0,no,0,no,0
14396,0x882080edb324ae31c9d71b205b024c8de1b89684,NO,0,NO,0,no,0,no,0
14413,0x1f15c7b88b094bb7535c00b3774727b2e5c95b1e,NO,0,NO,0,no,0,no,0
14422,0xafdf9aca600a4bc546cfebc8c3ff2890518ebed8,NO,0,NO,0,no,0,no,0
14427,0x0fec7443bbb3d527623c309dc188a1dcea5c8787,NO,0,NO,0,no,0,no,0
14448,0xcdffe93050408d7bcbc5ec779763733077c52e8c,NO,0,NO,0,no,0,no,0
14533,0x8fc3e61a9110831e6d1071b9566bcd48de7b4214,NO,0,NO,0,no,0,no,0
14585,0xd8cb720631ad1809dd46d4d6233410be049fbe88,NO,0,NO,0,no,0,no,0
14587,0x28e22461f30befdda947b821e72d703a35516a69,NO,0,NO,0,no,0,no,0
14637,0x4612aec0295c3c2195668bff37bf68e02f2dd65c,NO,0,NO,0,no,0,no,0
14669,0x0f268dfca18c8b2935b424663f8ac9d3184d0d3d,NO,0,NO,0,no,0,no,0
14695,0xd2d9d44a6365b78efe743c51ac0289571a8335ef,NO,0,NO,0,no,0,no,0
14759,0xe49b522064100cb5465d53df71b399d9197c4855,NO,0,NO,0,no,0,no,0
14845,0xa1623f28bb9ccd4e395e5cd726e069d59882adcd,NO,0,NO,0,no,0,no,0
14862,0xa834997b30a40eaeca8cbf078611515a614a9aec,NO,0,NO,0,no,0,no,0
14883,0x6cc835bf9d15051f610d1e480891c8c4822d6d65,NO,0,NO,0,no,0,no,0
14891,0xed1c353928ea4947be806b86f14eaccc92de6dcf,NO,0,NO,0,no,0,no,0
14899,0x7e107ac0b229c932388c9890a42e3d04bc4f40ac,NO,0,NO,0,no,0,no,0
14956,0x7bb6f588f8f8b8442e81161b659a237aa400b060,NO,0,NO,0,no,0,no,0
15012,0x31c5afb7f18e464fa714d8e1dc36ff4e5907543a,NO,0,NO,0,no,0,no,0
15019,0xe46eb6d93e2fa563aab9c841e4e17647685c4ca9,NO,0,NO,0,no,0,no,0
15058,0x0f4c6d80b7ccfd17a20d58a39edafc258723e4e5,NO,0,NO,0,no,0,no,0
15081,0xfade888a624f8864b82874412850e69e68d4c72a,NO,0,NO,0,no,0,no,0
15121,0x649226426e2d28e9a8b9edc7325319201d899cdf,NO,0,NO,0,no,0,no,0
15148,0x4bce1e934d9661df5a51970e88f478323b5f2673,NO,0,NO,0,no,0,no,0
15206,0x566f93927055d7b9c289a2006e288314d0e454f0,NO,0,NO,0,no,0,no,0
15230,0x0cdb31b0bd13697e94e37fc7bf03a51c3dc8faa0,NO,0,NO,0,no,0,no,0
15235,0x1d3275c0c8c5b9e439a67130e1c4747d81daca7e,NO,0,NO,0,no,0,no,0
15237,0x5c68292a5bf8dc1b9867f71b44d4027461b45258,NO,0,NO,0,no,0,no,0
15238,0x1f89463ccdd0d378a22726fc78b83fc0e3d01421,NO,0,NO,0,no,0,no,0
15291,0xb043ae28a52643a284fb5a6f4aa02ede4069a4d9,NO,0,NO,0,no,0,no,0
15361,0xf313f560f473886275c4f9bbc02a49cb13ae5df2,NO,0,NO,0,no,0,no,0
15456,0xc162a75fde80cd2c5bc72c3f1a1b03897f699a1c,NO,0,NO,0,no,0,no,0
15457,0x6a3a26a2c2ddc5cafa27acda26c96cc7cd8841ad,NO,0,NO,0,no,0,no,0
15483,0x2f34320df752b5b8e30a60bb3bdc69dd9d21880c,NO,0,NO,0,no,0,no,0
15488,0x4324373c1a74c643208a7359d1000b5d4fabc46d,NO,0,NO,0,no,0,no,0
15499,0x1b73fa63ddf1362c208eb222e4cd3257f1d53ccc,NO,0,NO,0,no,0,no,0
15517,0x62fa5c58e2b6f2cb8e2fb9dd4390acd876e587f5,NO,0,NO,0,no,0,no,0
